"coin_name","coin_url","coin_price","coin_volume"
"Bitcoin","https://www.coingecko.com/tr/coins/bitcoin","$16.578,65","$15.234.227.537"
"Ethereum","https://www.coingecko.com/tr/coins/ethereum","$1.171,56","$3.916.727.830"
"Tether","https://www.coingecko.com/tr/coins/tether","$1,00","$19.552.081.334"
"USD Coin","https://www.coingecko.com/tr/coins/usd-coin","$1,00","$1.482.009.304"
"BNB","https://www.coingecko.com/tr/coins/bnb","$243,24","$972.434.920"
"Binance USD","https://www.coingecko.com/tr/coins/binance-usd","$0,999832","$4.471.236.940"
"XRP","https://www.coingecko.com/tr/coins/xrp","$0,337689","$956.868.174"
"Dogecoin","https://www.coingecko.com/tr/coins/dogecoin","$0,074894503441","$526.375.920"
"Cardano","https://www.coingecko.com/tr/coins/cardano","$0,257009","$193.527.429"
"Polygon","https://www.coingecko.com/tr/coins/polygon","$0,775984","$321.497.594"
"Lido Staked Ether","https://www.coingecko.com/tr/coins/lido-staked-ether","$1.155,06","$19.008.108"
"OKB","https://www.coingecko.com/tr/coins/okb","$21,52","$20.314.053"
"Polkadot","https://www.coingecko.com/tr/coins/polkadot","$4,53","$141.601.732"
"Dai","https://www.coingecko.com/tr/coins/dai","$0,999544","$130.700.081"
"Shiba Inu","https://www.coingecko.com/tr/coins/shiba-inu","$0,000008544147","$190.200.289"
"TRON","https://www.coingecko.com/tr/coins/tron","$0,053837706192","$208.839.692"
"Litecoin","https://www.coingecko.com/tr/coins/litecoin","$62,12","$443.254.877"
"Solana","https://www.coingecko.com/tr/coins/solana","$12,04","$213.804.089"
"Uniswap","https://www.coingecko.com/tr/coins/uniswap","$5,17","$52.956.579"
"Avalanche","https://www.coingecko.com/tr/coins/avalanche","$11,73","$118.762.008"
"LEO Token","https://www.coingecko.com/tr/coins/leo-token","$3,77","$974.503"
"Toncoin","https://www.coingecko.com/tr/coins/toncoin","$2,32","$47.839.852"
"Wrapped Bitcoin","https://www.coingecko.com/tr/coins/wrapped-bitcoin","$16.532,39","$76.850.336"
"Chainlink","https://www.coingecko.com/tr/coins/chainlink","$5,92","$181.165.470"
"Monero","https://www.coingecko.com/tr/coins/monero","$144,83","$63.088.540"
"Cosmos Hub","https://www.coingecko.com/tr/coins/cosmos-hub","$8,74","$83.647.944"
"Ethereum Classic","https://www.coingecko.com/tr/coins/ethereum-classic","$15,56","$94.258.591"
"Stellar","https://www.coingecko.com/tr/coins/stellar","$0,075542532279","$34.299.509"
"Bitcoin Cash","https://www.coingecko.com/tr/coins/bitcoin-cash","$99,97","$381.240.585"
"Quant","https://www.coingecko.com/tr/coins/quant","$107,42","$27.408.517"
"Cronos","https://www.coingecko.com/tr/coins/cronos","$0,056404502214","$11.983.069"
"Algorand","https://www.coingecko.com/tr/coins/algorand","$0,177829","$64.130.588"
"ApeCoin","https://www.coingecko.com/tr/coins/apecoin","$3,48","$103.107.851"
"VeChain","https://www.coingecko.com/tr/coins/vechain","$0,016171186210","$36.458.461"
"NEAR Protocol","https://www.coingecko.com/tr/coins/near","$1,31","$71.434.911"
"Hedera","https://www.coingecko.com/tr/coins/hedera","$0,042533986521","$11.607.007"
"Frax","https://www.coingecko.com/tr/coins/frax","$0,999641","$3.678.247"
"Internet Computer","https://www.coingecko.com/tr/coins/internet-computer","$3,59","$15.335.525"
"Filecoin","https://www.coingecko.com/tr/coins/filecoin","$2,88","$109.366.720"
"EOS","https://www.coingecko.com/tr/coins/eos","$0,864796","$116.133.946"
"MultiversX (Elrond)","https://www.coingecko.com/tr/coins/multiversx","$37,70","$15.452.564"
"Huobi","https://www.coingecko.com/tr/coins/huobi-token","$5,31","$9.261.923"
"Bitcoin SV","https://www.coingecko.com/tr/coins/bitcoin-sv","$45,06","$12.927.674"
"Pax Dollar","https://www.coingecko.com/tr/coins/pax-dollar","$1,00","$1.475.567"
"Lido DAO","https://www.coingecko.com/tr/coins/lido-dao","$0,972032","$6.002.343"
"Terra","https://www.coingecko.com/tr/coins/terra-luna","$0,000134505791","$56.746.176"
"Axie Infinity","https://www.coingecko.com/tr/coins/axie-infinity","$6,90","$62.281.844"
"Aave","https://www.coingecko.com/tr/coins/aave","$54,61","$38.315.843"
"Flow","https://www.coingecko.com/tr/coins/flow","$0,748424","$15.981.615"
"TrueUSD","https://www.coingecko.com/tr/coins/true-usd","$1,00","$21.413.642"
"Theta Network","https://www.coingecko.com/tr/coins/theta-network","$0,752601","$11.144.375"
"Tezos","https://www.coingecko.com/tr/coins/tezos","$0,813451","$17.859.545"
"USDD","https://www.coingecko.com/tr/coins/usdd","$0,980393","$21.687.165"
"The Sandbox","https://www.coingecko.com/tr/coins/the-sandbox","$0,445693","$87.458.302"
"Trust Wallet","https://www.coingecko.com/tr/coins/trust-wallet-token","$1,51","$81.001.437"
"KuCoin","https://www.coingecko.com/tr/coins/kucoin-shares","$6,38","$431.817"
"BitTorrent","https://www.coingecko.com/tr/coins/bittorrent","$0,000000629995","$4.927.822"
"Chiliz","https://www.coingecko.com/tr/coins/chiliz","$0,111691","$144.851.271"
"Gemini Dollar","https://www.coingecko.com/tr/coins/gemini-dollar","$1,00","$527.130"
"cUSDC","https://www.coingecko.com/tr/coins/compound-usd-coin","$0,022706785061","$462,64"
"WhiteBIT Token","https://www.coingecko.com/tr/coins/whitebit","$4,38","$5.174.251"
"Decentraland","https://www.coingecko.com/tr/coins/decentraland","$0,312867","$61.916.279"
"Zcash","https://www.coingecko.com/tr/coins/zcash","$42,06","$42.082.267"
"PancakeSwap","https://www.coingecko.com/tr/coins/pancakeswap","$3,37","$29.323.250"
"Aptos","https://www.coingecko.com/tr/coins/aptos","$3,99","$44.741.681"
"Fantom","https://www.coingecko.com/tr/coins/fantom","$0,204560","$66.373.221"
"Tokenize Xchange","https://www.coingecko.com/tr/coins/tokenize-xchange","$6,40","$17.914.192"
"Chain","https://www.coingecko.com/tr/coins/chain","$0,023866502237","$4.042.279"
"Gate","https://www.coingecko.com/tr/coins/gatetoken","$3,37","$1.733.619"
"PAX Gold","https://www.coingecko.com/tr/coins/pax-gold","$1.790,35","$6.009.644"
"Maker","https://www.coingecko.com/tr/coins/maker","$535,34","$9.861.438"
"Klaytn","https://www.coingecko.com/tr/coins/klaytn","$0,153629","$16.413.905"
"Dash","https://www.coingecko.com/tr/coins/dash","$42,16","$33.850.845"
"eCash","https://www.coingecko.com/tr/coins/ecash","$0,000024207633","$3.869.204"
"NEO","https://www.coingecko.com/tr/coins/neo","$6,45","$15.631.207"
"IOTA","https://www.coingecko.com/tr/coins/iota","$0,163701","$7.740.771"
"Tether Gold","https://www.coingecko.com/tr/coins/tether-gold","$1.734,69","$535.532"
"The Graph","https://www.coingecko.com/tr/coins/the-graph","$0,056037234431","$15.006.875"
"cDAI","https://www.coingecko.com/tr/coins/compound-dai","$0,022116586133","$492,13"
"OKC","https://www.coingecko.com/tr/coins/okc-token","$22,25","$5.337.793"
"THORChain","https://www.coingecko.com/tr/coins/thorchain","$1,32","$40.827.875"
"cETH","https://www.coingecko.com/tr/coins/compound-ether","$23,63","$103,70"
"Synthetix Network","https://www.coingecko.com/tr/coins/synthetix-network-token","$1,58","$23.042.535"
"Osmosis","https://www.coingecko.com/tr/coins/osmosis","$0,757152","$8.430.257"
"Arweave","https://www.coingecko.com/tr/coins/arweave","$7,51","$10.281.461"
"Frax Share","https://www.coingecko.com/tr/coins/frax-share","$5,14","$2.462.407"
"Mina Protocol","https://www.coingecko.com/tr/coins/mina-protocol","$0,464764","$8.730.475"
"GMX","https://www.coingecko.com/tr/coins/gmx","$42,64","$13.322.038"
"Curve DAO","https://www.coingecko.com/tr/coins/curve-dao-token","$0,546882","$39.038.109"
"Rocket Pool","https://www.coingecko.com/tr/coins/rocket-pool","$18,65","$1.005.987"
"NEXO","https://www.coingecko.com/tr/coins/nexo","$0,632413","$3.331.112"
"XDC Network","https://www.coingecko.com/tr/coins/xdc-network","$0,025413728534","$4.171.761"
"Radix","https://www.coingecko.com/tr/coins/radix","$0,034636374586","$338.618"
"BTSE Token","https://www.coingecko.com/tr/coins/btse-token","$2,09","$3.217,20"
"EthereumPoW","https://www.coingecko.com/tr/coins/ethereumpow","$3,03","$4.695.062"
"ImmutableX","https://www.coingecko.com/tr/coins/immutablex","$0,429754","$6.647.420"
"Stacks","https://www.coingecko.com/tr/coins/stacks","$0,228455","$4.619.187"
"Zilliqa","https://www.coingecko.com/tr/coins/zilliqa","$0,018011349207","$19.147.262"
"BitDAO","https://www.coingecko.com/tr/coins/bitdao","$0,282183","$5.920.766"
"1inch","https://www.coingecko.com/tr/coins/1inch","$0,394641","$13.223.196"
"Ethereum Name Service","https://www.coingecko.com/tr/coins/ethereum-name-service","$11,40","$15.605.491"
"Casper Network","https://www.coingecko.com/tr/coins/casper-network","$0,027066304709","$4.388.286"
"DeFiChain","https://www.coingecko.com/tr/coins/defichain","$0,449057","$2.982.589"
"SafeMoon [OLD]","https://www.coingecko.com/tr/coins/safemoon-old","$0,000000004973","$0,904373"
"Decred","https://www.coingecko.com/tr/coins/decred","$18,92","$1.036.835"
"Basic Attention","https://www.coingecko.com/tr/coins/basic-attention-token","$0,184233","$14.306.158"
"Olympus","https://www.coingecko.com/tr/coins/olympus","$9,55","$529.940"
"NEM","https://www.coingecko.com/tr/coins/nem","$0,029553399585","$8.315.018"
"Holo","https://www.coingecko.com/tr/coins/holo","$0,001482785945","$9.019.219"
"Enjin Coin","https://www.coingecko.com/tr/coins/enjin-coin","$0,259715","$10.498.930"
"Loopring","https://www.coingecko.com/tr/coins/loopring","$0,205761","$14.781.954"
"Bitget Token","https://www.coingecko.com/tr/coins/bitget-token","$0,181423","$3.425.642"
"Kava","https://www.coingecko.com/tr/coins/kava","$0,708206","$6.266.360"
"Convex Finance","https://www.coingecko.com/tr/coins/convex-finance","$3,47","$2.665.836"
"Nexus Mutual","https://www.coingecko.com/tr/coins/nexus-mutual","$36,54","$66.962,17"
"Celo","https://www.coingecko.com/tr/coins/celo","$0,514312","$8.690.307"
"ECOMI","https://www.coingecko.com/tr/coins/ecomi","$0,000883470885","$546.571"
"Bitcoin Gold","https://www.coingecko.com/tr/coins/bitcoin-gold","$13,29","$2.556.052"
"Ravencoin","https://www.coingecko.com/tr/coins/ravencoin","$0,019633256180","$6.181.600"
"Terra","https://www.coingecko.com/tr/coins/terra","$1,30","$18.796.839"
"Helium","https://www.coingecko.com/tr/coins/helium","$1,71","$954.635"
"Escoin","https://www.coingecko.com/tr/coins/escoin-token","$3,15","$201.893"
"Compound","https://www.coingecko.com/tr/coins/compound","$33,06","$14.242.839"
"Kusama","https://www.coingecko.com/tr/coins/kusama","$24,94","$8.634.428"
"Gnosis","https://www.coingecko.com/tr/coins/gnosis","$84,92","$3.746.962"
"Celsius Network","https://www.coingecko.com/tr/coins/celsius-network-token","$0,519772","$1.120.652"
"Euro Tether","https://www.coingecko.com/tr/coins/euro-tether","$1,06","$899.431"
"Huobi BTC","https://www.coingecko.com/tr/coins/huobi-btc","$16.557,55","$35.462,47"
"Theta Fuel","https://www.coingecko.com/tr/coins/theta-fuel","$0,035226849280","$3.373.374"
"Rocket Pool ETH","https://www.coingecko.com/tr/coins/rocket-pool-eth","$1.256,39","$815.099"
"Qtum","https://www.coingecko.com/tr/coins/qtum","$1,98","$14.410.701"
"TerraClassicUSD","https://www.coingecko.com/tr/coins/terraclassicusd","$0,020720800138","$11.034.229"
"Balancer","https://www.coingecko.com/tr/coins/balancer","$5,30","$4.178.869"
"Band Protocol","https://www.coingecko.com/tr/coins/band-protocol","$1,66","$19.048.531"
"Bone ShibaSwap","https://www.coingecko.com/tr/coins/bone-shibaswap","$0,875577","$6.139.743"
"SwissBorg","https://www.coingecko.com/tr/coins/swissborg","$0,209446","$173.431"
"Aleph Zero","https://www.coingecko.com/tr/coins/aleph-zero","$0,955108","$545.803"
"Golem","https://www.coingecko.com/tr/coins/golem","$0,194730","$2.664.812"
"Optimism","https://www.coingecko.com/tr/coins/optimism","$0,909439","$59.288.450"
"dYdX","https://www.coingecko.com/tr/coins/dydx","$1,38","$39.709.409"
"Kadena","https://www.coingecko.com/tr/coins/kadena","$0,897147","$2.817.252"
"Oasis Network","https://www.coingecko.com/tr/coins/oasis-network","$0,037219414401","$12.643.737"
"IoTeX","https://www.coingecko.com/tr/coins/iotex","$0,019816500251","$3.343.639"
"Sushi","https://www.coingecko.com/tr/coins/sushi","$0,967254","$33.483.908"
"Liquity USD","https://www.coingecko.com/tr/coins/liquity-usd","$1,02","$1.137.412"
"yearn.finance","https://www.coingecko.com/tr/coins/yearn-finance","$5.621,29","$14.385.269"
"STEPN","https://www.coingecko.com/tr/coins/stepn","$0,300191","$51.426.973"
"Chia","https://www.coingecko.com/tr/coins/chia","$30,04","$4.223.424"
"BinaryX","https://www.coingecko.com/tr/coins/binaryx","$67,90","$13.777.867"
"Beldex","https://www.coingecko.com/tr/coins/beldex","$0,044341770934","$1.368.327"
"JUST","https://www.coingecko.com/tr/coins/just","$0,019946570015","$5.463.529"
"Amp","https://www.coingecko.com/tr/coins/amp","$0,003136951495","$4.159.344"
"Alchemix USD","https://www.coingecko.com/tr/coins/alchemix-usd","$0,986257","$410.297"
"Krypton DAO","https://www.coingecko.com/tr/coins/krypton-dao","$1,76","$52.239,92"
"IOST","https://www.coingecko.com/tr/coins/iost","$0,007067241510","$2.982.437"
"Moonbeam","https://www.coingecko.com/tr/coins/moonbeam","$0,341915","$3.859.939"
"Dogelon Mars","https://www.coingecko.com/tr/coins/dogelon-mars","$0,000000295335","$1.248.222"
"Baby Doge Coin","https://www.coingecko.com/tr/coins/baby-doge-coin","$0,000000000998","$1.929.913"
"Mask Network","https://www.coingecko.com/tr/coins/mask-network","$2,28","$66.997.287"
"Waves","https://www.coingecko.com/tr/coins/waves","$1,55","$45.305.479"
"Telcoin","https://www.coingecko.com/tr/coins/telcoin","$0,002287576426","$1.060.230"
"CoinEx","https://www.coingecko.com/tr/coins/coinex-token","$0,047162380477","$249.413"
"Agoric","https://www.coingecko.com/tr/coins/agoric","$0,547072","$902.703"
"Polymath","https://www.coingecko.com/tr/coins/polymath","$0,165598","$459.967"
"Energy Web","https://www.coingecko.com/tr/coins/energy-web","$3,26","$1.245.360"
"LINK","https://www.coingecko.com/tr/coins/link","$22,83","$1.056.691"
"Convex CRV","https://www.coingecko.com/tr/coins/convex-crv","$0,506348","$815.893"
"Astar","https://www.coingecko.com/tr/coins/astar","$0,037816997672","$1.528.213"
"GALA","https://www.coingecko.com/tr/coins/gala","$0,019309300700","$74.445.211"
"Bitkub Coin","https://www.coingecko.com/tr/coins/bitkub-coin","$1,63","$749.111"
"Ribbon Finance","https://www.coingecko.com/tr/coins/ribbon-finance","$0,242145","$407.676"
"Livepeer","https://www.coingecko.com/tr/coins/livepeer","$5,45","$3.489.497"
"Ankr","https://www.coingecko.com/tr/coins/ankr-network","$0,017505761618","$6.589.350"
"OMG Network","https://www.coingecko.com/tr/coins/omg-network","$1,00","$11.617.467"
"WOO Network","https://www.coingecko.com/tr/coins/woo-network","$0,117236","$9.315.347"
"Ontology","https://www.coingecko.com/tr/coins/ontology","$0,159493","$5.940.754"
"Harmony","https://www.coingecko.com/tr/coins/harmony","$0,011331701908","$6.085.879"
"0x","https://www.coingecko.com/tr/coins/0x","$0,163194","$6.763.066"
"Reserve Rights","https://www.coingecko.com/tr/coins/reserve-rights","$0,003226022424","$9.558.974"
"Nest Protocol","https://www.coingecko.com/tr/coins/nest-protocol","$0,023426797679","$2.346.010"
"ICON","https://www.coingecko.com/tr/coins/icon","$0,150898","$4.024.932"
"Bitgert","https://www.coingecko.com/tr/coins/bitgert","$0,000000334190","$920.280"
"DigiByte","https://www.coingecko.com/tr/coins/digibyte","$0,008243308872","$4.424.033"
"Gains Farm","https://www.coingecko.com/tr/coins/gains-farm","$3.659,19","$1.186,91"
"SafePal","https://www.coingecko.com/tr/coins/safepal","$0,406150","$6.578.633"
"STASIS EURO","https://www.coingecko.com/tr/coins/stasis-eurs","$1,05","$591.267"
"Render","https://www.coingecko.com/tr/coins/render-token","$0,431657","$3.578.365"
"Tenset","https://www.coingecko.com/tr/coins/tenset","$0,702176","$211.401"
"SafeMoon","https://www.coingecko.com/tr/coins/safemoon","$0,000227028418","$365.035"
"APENFT","https://www.coingecko.com/tr/coins/apenft","$0,000000451777","$3.552.351"
"Evmos","https://www.coingecko.com/tr/coins/evmos","$0,331680","$857.860"
"Flux","https://www.coingecko.com/tr/coins/flux-zelcash","$0,437176","$1.405.046"
"Siacoin","https://www.coingecko.com/tr/coins/siacoin","$0,002370039418","$4.047.287"
"Magic","https://www.coingecko.com/tr/coins/magic","$0,586052","$27.326.914"
"Audius","https://www.coingecko.com/tr/coins/audius","$0,129299","$2.540.637"
"NuCypher","https://www.coingecko.com/tr/coins/nucypher","$0,089839592556","$815.794"
"Secret","https://www.coingecko.com/tr/coins/secret","$0,601895","$1.223.950"
"Horizen","https://www.coingecko.com/tr/coins/horizen","$8,60","$6.047.764"
"Voyager VGX","https://www.coingecko.com/tr/coins/voyager-token","$0,381680","$30.933.505"
"DAO Maker","https://www.coingecko.com/tr/coins/dao-maker","$0,874352","$854.870"
"BORA","https://www.coingecko.com/tr/coins/bora","$0,118934","$2.268.167"
"Injective","https://www.coingecko.com/tr/coins/injective","$1,40","$6.224.683"
"cUSDT","https://www.coingecko.com/tr/coins/compound-usdt","$0,011122946740",""
"WAX","https://www.coingecko.com/tr/coins/wax","$0,047056554852","$3.157.508"
"UMA","https://www.coingecko.com/tr/coins/uma","$1,55","$8.850.177"
"Hive","https://www.coingecko.com/tr/coins/hive","$0,287314","$6.823.104"
"SXP","https://www.coingecko.com/tr/coins/sxp","$0,209355","$5.670.797"
"Gains Network","https://www.coingecko.com/tr/coins/gains-network","$3,60","$771.621"
"Creditcoin","https://www.coingecko.com/tr/coins/creditcoin","$0,510432","$13.288.569"
"ConstitutionDAO","https://www.coingecko.com/tr/coins/constitutiondao","$0,020541074360","$24.760.479"
"Shardus","https://www.coingecko.com/tr/coins/shardus","$0,235113","$3.030,96"
"Constellation","https://www.coingecko.com/tr/coins/constellation","$0,039326946964","$166.174"
"Lisk","https://www.coingecko.com/tr/coins/lisk","$0,701231","$1.349.377"
"Merit Circle","https://www.coingecko.com/tr/coins/merit-circle","$0,308029","$1.017.281"
"Pocket Network","https://www.coingecko.com/tr/coins/pocket-network","$0,071476800366","$809.374"
"Polymesh","https://www.coingecko.com/tr/coins/polymesh","$0,142691","$5.959.774"
"USDX","https://www.coingecko.com/tr/coins/usdx","$0,872833","$271.753"
"PlatonCoin","https://www.coingecko.com/tr/coins/platoncoin","$0,842115","$2.089,70"
"Function X","https://www.coingecko.com/tr/coins/function-x","$0,166906","$1.423.192"
"VVS Finance","https://www.coingecko.com/tr/coins/vvs-finance","$0,000003055351","$244.411"
"Songbird","https://www.coingecko.com/tr/coins/songbird","$0,010405081944","$749.629"
"Tribe","https://www.coingecko.com/tr/coins/tribe","$0,200738","$1.320.178"
"Synapse","https://www.coingecko.com/tr/coins/synapse","$0,480356","$1.270.187"
"Nano","https://www.coingecko.com/tr/coins/nano","$0,680890","$1.257.645"
"Marinade staked SOL","https://www.coingecko.com/tr/coins/marinade-staked-sol","$12,99","$855.648"
"Magic Internet Money","https://www.coingecko.com/tr/coins/magic-internet-money","$0,999409","$574.953"
"Decentralized Social","https://www.coingecko.com/tr/coins/deso","$8,57","$94.437,09"
"Veritaseum","https://www.coingecko.com/tr/coins/veritaseum","$41,92","$27.621,37"
"Pundi X","https://www.coingecko.com/tr/coins/pundi-x-new","$0,347148","$6.120.204"
"WEMIX","https://www.coingecko.com/tr/coins/wemix","$0,358898","$2.573.823"
"PlayDapp","https://www.coingecko.com/tr/coins/playdapp","$0,161847","$10.161.464"
"SKALE","https://www.coingecko.com/tr/coins/skale","$0,021561193464","$5.639.397"
"Ergo","https://www.coingecko.com/tr/coins/ergo","$1,34","$757.715"
"Smooth Love Potion","https://www.coingecko.com/tr/coins/smooth-love-potion","$0,002149065348","$4.410.200"
"Kyber Network Crystal","https://www.coingecko.com/tr/coins/kyber-network-crystal","$0,521870","$7.825.080"
"iExec RLC","https://www.coingecko.com/tr/coins/iexec-rlc","$1,17","$19.053.158"
"API3","https://www.coingecko.com/tr/coins/api3","$1,17","$2.435.093"
"FLOKI","https://www.coingecko.com/tr/coins/floki","$0,000008857128","$1.381.043"
"DeXe","https://www.coingecko.com/tr/coins/dexe","$2,24","$5.489.590"
"MX","https://www.coingecko.com/tr/coins/mx-token","$0,805859","$77.739,16"
"sETH2","https://www.coingecko.com/tr/coins/seth2","$1.164,04","$120.199"
"LooksRare","https://www.coingecko.com/tr/coins/looksrare","$0,147546","$3.155.904"
"Ecoin","https://www.coingecko.com/tr/coins/ecoin","$0,000173175206","$1,01"
"Status","https://www.coingecko.com/tr/coins/status","$0,020014123642","$1.372.126"
"JUNO","https://www.coingecko.com/tr/coins/juno-network","$1,21","$625.710"
"LUKSO","https://www.coingecko.com/tr/coins/lukso-token","$5,12","$532.536"
"Maiar DEX","https://www.coingecko.com/tr/coins/maiar-dex","$0,000022596895","$202.340"
"Kaspa","https://www.coingecko.com/tr/coins/kaspa","$0,005197343531","$1.232.510"
"Nerve Finance","https://www.coingecko.com/tr/coins/nerve-finance","$0,004582598578","$12.263,96"
"Coinmetro","https://www.coingecko.com/tr/coins/coinmetro","$0,256407","$9.193,32"
"Illuvium","https://www.coingecko.com/tr/coins/illuvium","$40,27","$8.888.019"
"Phoenix Global [OLD]","https://www.coingecko.com/tr/coins/phoenix-global-old","$0,022633881832","$99,85"
"Prom","https://www.coingecko.com/tr/coins/prom","$4,17","$1.668.395"
"MaidSafeCoin","https://www.coingecko.com/tr/coins/maidsafecoin","$0,131478",""
"WINkLink","https://www.coingecko.com/tr/coins/winklink","$0,000078788475","$5.260.517"
"MXC","https://www.coingecko.com/tr/coins/mxc","$0,030950856750","$5.737.182"
"Aragon","https://www.coingecko.com/tr/coins/aragon","$1,88","$5.553.790"
"Numeraire","https://www.coingecko.com/tr/coins/numeraire","$12,05","$2.330.695"
"Metis","https://www.coingecko.com/tr/coins/metis-token","$16,84","$2.260.425"
"Persistence","https://www.coingecko.com/tr/coins/persistence","$0,534982","$346.681"
"Syscoin","https://www.coingecko.com/tr/coins/syscoin","$0,107812","$5.482.791"
"Multichain","https://www.coingecko.com/tr/coins/multichain","$3,95","$1.951.070"
"Radicle","https://www.coingecko.com/tr/coins/radicle","$1,53","$15.055.869"
"Medibloc","https://www.coingecko.com/tr/coins/medibloc","$0,013366972512","$362.079"
"MVL","https://www.coingecko.com/tr/coins/mass-vehicle-ledger","$0,003169667849","$790.633"
"Nervos Network","https://www.coingecko.com/tr/coins/nervos-network","$0,002107851118","$1.699.181"
"Dock","https://www.coingecko.com/tr/coins/dock","$0,014375332181","$233.762"
"REN","https://www.coingecko.com/tr/coins/ren","$0,069408496386","$11.748.455"
"Share","https://www.coingecko.com/tr/coins/sharetoken","$0,001239617779","$29.592,87"
"Mdex","https://www.coingecko.com/tr/coins/mdex","$0,074104562697","$13.156.627"
"Civic","https://www.coingecko.com/tr/coins/civic","$0,086731938626","$8.905.582"
"Pirate Chain","https://www.coingecko.com/tr/coins/pirate-chain","$0,351558","$44.910,28"
"ChainX","https://www.coingecko.com/tr/coins/chainx","$0,353954","$19.311,24"
"Bitcoin Avalanche Bridged (BTC.b)","https://www.coingecko.com/tr/coins/bitcoin-avalanche-bridged-btc-b","$16.659,07","$47.071,78"
"Acala","https://www.coingecko.com/tr/coins/acala","$0,118592","$1.568.100"
"OriginTrail","https://www.coingecko.com/tr/coins/origintrail","$0,183154","$1.560.266"
"Mobox","https://www.coingecko.com/tr/coins/mobox","$0,401136","$3.515.883"
"Ardor","https://www.coingecko.com/tr/coins/ardor","$0,067598223332","$3.283.923"
"Hermez Network","https://www.coingecko.com/tr/coins/hermez-network","$4,04","$258.632"
"Request","https://www.coingecko.com/tr/coins/request-network","$0,086710002301","$1.146.880"
"SSV Network","https://www.coingecko.com/tr/coins/ssv-network","$9,61","$1.927.698"
"Cartesi","https://www.coingecko.com/tr/coins/cartesi","$0,103644","$5.440.465"
"Vulcan Forged","https://www.coingecko.com/tr/coins/vulcan-forged","$2,80","$2.663.459"
"Wrapped Centrifuge","https://www.coingecko.com/tr/coins/wrapped-centrifuge","$0,183565","$63.514,80"
"Centrifuge","https://www.coingecko.com/tr/coins/centrifuge","$0,183446","$228.373"
"Biconomy","https://www.coingecko.com/tr/coins/biconomy","$0,266655","$4.239.575"
"Steem","https://www.coingecko.com/tr/coins/steem","$0,156029","$3.503.335"
"dKargo","https://www.coingecko.com/tr/coins/dkargo","$0,027478181282","$2.328.152"
"WazirX","https://www.coingecko.com/tr/coins/wazirx","$0,143396","$4.413.606"
"Fidu","https://www.coingecko.com/tr/coins/fidu","$0,924972","$93.699,97"
"My Neighbor Alice","https://www.coingecko.com/tr/coins/my-neighbor-alice","$1,11","$11.630.137"
"CEEK Smart VR","https://www.coingecko.com/tr/coins/ceek-smart-vr-token","$0,080784071845","$2.064.494"
"Ocean Protocol","https://www.coingecko.com/tr/coins/ocean-protocol","$0,151533","$11.799.929"
"Ankr Reward-Bearing Staked ETH","https://www.coingecko.com/tr/coins/ankr-reward-bearing-staked-eth","$1.161,98","$1.024,36"
"IQ","https://www.coingecko.com/tr/coins/iq","$0,004782305397","$4.613.193"
"FUN Token","https://www.coingecko.com/tr/coins/fun-token","$0,006052928874","$984.039"
"COTI","https://www.coingecko.com/tr/coins/coti","$0,057904074353","$4.902.431"
"Xido Finance","https://www.coingecko.com/tr/coins/xido-finance","$2,08","$5.762,73"
"Orbs","https://www.coingecko.com/tr/coins/orbs","$0,021867593101","$971.108"
"xSUSHI","https://www.coingecko.com/tr/coins/xsushi","$1,32","$44.316,14"
"Biswap","https://www.coingecko.com/tr/coins/biswap","$0,175269","$2.986.209"
"Blox","https://www.coingecko.com/tr/coins/blox","$0,091117321811","$72.075,53"
"aelf","https://www.coingecko.com/tr/coins/aelf","$0,132401","$2.992.138"
"BitMEX","https://www.coingecko.com/tr/coins/bitmex-token","$0,611511","$249.615"
"Chromia","https://www.coingecko.com/tr/coins/chromia","$0,108180","$8.861.979"
"Radio Caca","https://www.coingecko.com/tr/coins/radio-caca","$0,000183083025","$4.687.646"
"Stratis","https://www.coingecko.com/tr/coins/stratis","$0,419727","$1.508.623"
"Alpha Venture DAO","https://www.coingecko.com/tr/coins/alpha-venture-dao","$0,079982474421","$1.464.137"
"Fetch.ai","https://www.coingecko.com/tr/coins/fetch-ai","$0,087330730188","$19.963.019"
"Shentu","https://www.coingecko.com/tr/coins/shentu","$0,683489","$768.279"
"Serum","https://www.coingecko.com/tr/coins/serum","$0,160592","$2.807.915"
"bZx Protocol","https://www.coingecko.com/tr/coins/bzx-protocol","$0,102698","$3.242,77"
"Star Atlas DAO","https://www.coingecko.com/tr/coins/star-atlas-dao","$0,384480","$158.412"
"Volt Inu","https://www.coingecko.com/tr/coins/volt-inu","$0,000000905116","$1.520.487"
"Spell","https://www.coingecko.com/tr/coins/spell-token","$0,000543738429","$3.724.698"
"Coin98","https://www.coingecko.com/tr/coins/coin98","$0,187605","$5.154.305"
"Boba Network","https://www.coingecko.com/tr/coins/boba-network","$0,185753","$1.263.003"
"TempleDAO","https://www.coingecko.com/tr/coins/templedao","$0,977978","$2.604,06"
"Celer Network","https://www.coingecko.com/tr/coins/celer-network","$0,010358319375","$3.064.299"
"Dent","https://www.coingecko.com/tr/coins/dent","$0,000608498488","$2.751.344"
"Dopex","https://www.coingecko.com/tr/coins/dopex","$249,82","$316.021"
"MiL.k Alliance","https://www.coingecko.com/tr/coins/milk-alliance","$0,227491","$1.829.386"
"Bifrost","https://www.coingecko.com/tr/coins/bifrost","$0,052721466877","$416.936"
"Hashflow","https://www.coingecko.com/tr/coins/hashflow","$0,326908","$14.942.685"
"Dejitaru Tsuka","https://www.coingecko.com/tr/coins/dejitaru-tsuka","$0,056521073171","$3.195.784"
"e-Radix","https://www.coingecko.com/tr/coins/e-radix","$0,035075537027","$211.021"
"BENQI Liquid Staked AVAX","https://www.coingecko.com/tr/coins/benqi-liquid-staked-avax","$12,36","$493.015"
"Velas","https://www.coingecko.com/tr/coins/velas","$0,023347370847","$805.104"
"Neutrino USD","https://www.coingecko.com/tr/coins/neutrino-usd","$0,564407","$83.892,36"
"Bancor Network","https://www.coingecko.com/tr/coins/bancor-network","$0,342053","$1.766.919"
"Phala Network","https://www.coingecko.com/tr/coins/phala-network","$0,118345","$3.270.755"
"Sologenic","https://www.coingecko.com/tr/coins/sologenic","$0,138308","$514.067"
"cVault.finance","https://www.coingecko.com/tr/coins/cvault-finance","$5.473,94","$14.866,25"
"Venus","https://www.coingecko.com/tr/coins/venus","$3,75","$839.621"
"Everscale","https://www.coingecko.com/tr/coins/everscale","$0,031098855865","$1.817.595"
"Reef","https://www.coingecko.com/tr/coins/reef","$0,002605531434","$5.414.148"
"SingularityNET","https://www.coingecko.com/tr/coins/singularitynet","$0,047278620435","$6.355.562"
"Power Ledger","https://www.coingecko.com/tr/coins/power-ledger","$0,125992","$2.949.803"
"BoringDAO [OLD]","https://www.coingecko.com/tr/coins/boringdao-old","$25,07","$344,66"
"QuarkChain","https://www.coingecko.com/tr/coins/quarkchain","$0,007834002983","$1.495.765"
"Rich Quack","https://www.coingecko.com/tr/coins/rich-quack","$0,000000001195","$1.908.567"
"inSure DeFi","https://www.coingecko.com/tr/coins/insure-defi","$0,001999935959","$830.128"
"Euler","https://www.coingecko.com/tr/coins/euler","$4,02","$854.976"
"MELD","https://www.coingecko.com/tr/coins/meld","$0,018267829705","$975.533"
"Liquity","https://www.coingecko.com/tr/coins/liquity","$0,579148","$174.014"
"AscendEx","https://www.coingecko.com/tr/coins/ascendex-token","$0,070007754276","$1.823.233"
"VeThor","https://www.coingecko.com/tr/coins/vethor-token","$0,000904786234","$1.613.494"
"NKN","https://www.coingecko.com/tr/coins/nkn","$0,079626565778","$1.548.004"
"Ultra","https://www.coingecko.com/tr/coins/ultra","$0,190785","$685.489"
"Origin Dollar","https://www.coingecko.com/tr/coins/origin-dollar","$0,998020","$71.461,82"
"SX Network","https://www.coingecko.com/tr/coins/sx-network","$0,151177","$117.675"
"World Mobile Token","https://www.coingecko.com/tr/coins/world-mobile-token","$0,153049","$742.371"
"Lido Staked SOL","https://www.coingecko.com/tr/coins/lido-staked-sol","$12,88","$864.458"
"Koda Cryptocurrency","https://www.coingecko.com/tr/coins/koda-cryptocurrency","$0,000035049032","$2.192,36"
"XSGD","https://www.coingecko.com/tr/coins/xsgd","$0,734735","$1.625.196"
"Destablecoin HAY","https://www.coingecko.com/tr/coins/destablecoin-hay","$0,994729","$46.560,71"
"Tokamak Network","https://www.coingecko.com/tr/coins/tokamak-network","$1,09","$408.042"
"Clash of Lilliput","https://www.coingecko.com/tr/coins/clash-of-lilliput","$0,600473","$1.505,90"
"Stargate Finance","https://www.coingecko.com/tr/coins/stargate-finance","$0,361531","$2.696.955"
"Galxe","https://www.coingecko.com/tr/coins/galxe","$1,05","$9.708.143"
"Everdome","https://www.coingecko.com/tr/coins/everdome","$0,002306121193","$5.600.083"
"Covalent","https://www.coingecko.com/tr/coins/covalent","$0,107168","$584.638"
"Iron Bank EURO","https://www.coingecko.com/tr/coins/iron-bank-euro","$1,01","$41.553,03"
"Revain","https://www.coingecko.com/tr/coins/revain","$0,000568723963","$342.366"
"Hifi Finance","https://www.coingecko.com/tr/coins/hifi-finance","$0,005127583694","$9.775.244"
"Conflux","https://www.coingecko.com/tr/coins/conflux","$0,022923156910","$1.339.518"
"Saitama","https://www.coingecko.com/tr/coins/saitama","$0,001072826695","$1.279.291"
"STP","https://www.coingecko.com/tr/coins/stp-network","$0,027091212196","$2.021.130"
"DFI.money","https://www.coingecko.com/tr/coins/dfi-money","$1.187,78","$12.185.358"
"CUBE","https://www.coingecko.com/tr/coins/cube","$0,067114668445","$1.635,69"
"Dero","https://www.coingecko.com/tr/coins/dero","$3,71","$62.625,97"
"XYO Network","https://www.coingecko.com/tr/coins/xyo-network","$0,003690804919","$457.020"
"Concordium","https://www.coingecko.com/tr/coins/concordium","$0,007440187621","$609.022"
"Sun Token","https://www.coingecko.com/tr/coins/sun-token","$0,005164434069","$4.995.260"
"Hunt","https://www.coingecko.com/tr/coins/hunt","$0,230877","$1.230.178"
"CANTO","https://www.coingecko.com/tr/coins/canto","$0,115647","$868.910"
"JOE","https://www.coingecko.com/tr/coins/joe","$0,140158","$1.394.394"
"Axelar","https://www.coingecko.com/tr/coins/axelar","$0,484744","$1.537.892"
"Dawn Protocol","https://www.coingecko.com/tr/coins/dawn-protocol","$0,605246","$1.557.569"
"Morpheus Network","https://www.coingecko.com/tr/coins/morpheus-network","$1,18","$945.845"
"Kujira","https://www.coingecko.com/tr/coins/kujira","$0,445943","$98.841,90"
"ARK","https://www.coingecko.com/tr/coins/ark","$0,260158","$8.878.534"
"Fei USD","https://www.coingecko.com/tr/coins/fei-usd","$0,972850","$297.343"
"Metars Genesis","https://www.coingecko.com/tr/coins/metars-genesis","$1,90","$587.993"
"StormX","https://www.coingecko.com/tr/coins/stormx","$0,004002303120","$960.076"
"Minted","https://www.coingecko.com/tr/coins/minted","$0,281072","$44.304,77"
"Dopex Rebate","https://www.coingecko.com/tr/coins/dopex-rebate-token","$34,78","$455.888"
"Verge","https://www.coingecko.com/tr/coins/verge","$0,002636224912","$1.396.719"
"MAI","https://www.coingecko.com/tr/coins/mai","$0,990969","$2.425.183"
"Axion","https://www.coingecko.com/tr/coins/axion","$0,000013803278","$2.913,91"
"Orchid Protocol","https://www.coingecko.com/tr/coins/orchid-protocol","$0,073170367407","$1.020.093"
"Adshares","https://www.coingecko.com/tr/coins/adshares","$1,26","$529.188"
"Origin Protocol","https://www.coingecko.com/tr/coins/origin-protocol","$0,085802221816","$5.562.027"
"RAMP [OLD]","https://www.coingecko.com/tr/coins/ramp-old","$0,104656","$193,04"
"Celo Dollar","https://www.coingecko.com/tr/coins/celo-dollar","$0,990759","$1.074.467"
"MrWeb Finance [OLD]","https://www.coingecko.com/tr/coins/mrweb-finance-old","$0,000191563818",""
"Ampleforth","https://www.coingecko.com/tr/coins/ampleforth","$1,09","$377.004"
"Alien Worlds","https://www.coingecko.com/tr/coins/alien-worlds","$0,012885049440","$3.710.046"
"USDK","https://www.coingecko.com/tr/coins/usdk","$1,00","$6.469.179"
"Battle World","https://www.coingecko.com/tr/coins/battle-world","$0,670500","$1.447.516"
"RSK Infrastructure Framework","https://www.coingecko.com/tr/coins/rsk-infrastructure-framework","$0,045312634502","$565.971"
"DODO","https://www.coingecko.com/tr/coins/dodo","$0,100631","$3.035.780"
"Zignaly","https://www.coingecko.com/tr/coins/zignaly","$0,007404166791","$230.478"
"Seedify.fund","https://www.coingecko.com/tr/coins/seedify-fund","$0,947744","$2.626.860"
"Efinity","https://www.coingecko.com/tr/coins/efinity-token","$0,074106176092","$600.219"
"Uquid Coin","https://www.coingecko.com/tr/coins/uquid-coin","$4,19","$1.970.540"
"Bolide","https://www.coingecko.com/tr/coins/bolide","$0,023046486779","$91.916,17"
"Telos","https://www.coingecko.com/tr/coins/telos","$0,140832","$1.555.048"
"Aavegotchi","https://www.coingecko.com/tr/coins/aavegotchi","$1,02","$3.777.778"
"flexUSD","https://www.coingecko.com/tr/coins/flex-usd","$0,211149","$191,79"
"Keep Network","https://www.coingecko.com/tr/coins/keep-network","$0,074486995255","$419.589"
"Metal DAO","https://www.coingecko.com/tr/coins/metal-dao","$0,639632","$4.986.217"
"Akash Network","https://www.coingecko.com/tr/coins/akash-network","$0,205292","$771.366"
"Aergo","https://www.coingecko.com/tr/coins/aergo","$0,095632880856","$5.311.208"
"Marblex","https://www.coingecko.com/tr/coins/marblex","$1,13","$744.300"
"Beta Finance","https://www.coingecko.com/tr/coins/beta-finance","$0,065900898832","$1.853.968"
"chrono.tech","https://www.coingecko.com/tr/coins/chronotech","$57,40","$351.965"
"Instadapp ETH","https://www.coingecko.com/tr/coins/instadapp-eth","$1.246,40","$0,000000000000"
"DEI","https://www.coingecko.com/tr/coins/dei-token","$0,996424","$24.618,16"
"Divi","https://www.coingecko.com/tr/coins/divi","$0,012402249707","$80.528,11"
"XMON","https://www.coingecko.com/tr/coins/xmon","$15.724,86","$735.101"
"Saito","https://www.coingecko.com/tr/coins/saito","$0,018283726194","$426.950"
"Badger DAO","https://www.coingecko.com/tr/coins/badger-dao","$2,25","$1.597.679"
"Augur","https://www.coingecko.com/tr/coins/augur","$5,12","$24.649.863"
"Moonriver","https://www.coingecko.com/tr/coins/moonriver","$6,59","$1.954.944"
"EverGrow Coin","https://www.coingecko.com/tr/coins/evergrowcoin","$0,000000082644","$11.404,04"
"Alpaca Finance","https://www.coingecko.com/tr/coins/alpaca-finance","$0,251184","$1.344.965"
"Storj","https://www.coingecko.com/tr/coins/storj","$0,266221","$5.849.616"
"SOMESING Exchange","https://www.coingecko.com/tr/coins/somesing","$0,014032696758","$329.219"
"Utrust","https://www.coingecko.com/tr/coins/utrust","$0,080477307063","$2.166.549"
"Sweatcoin - Sweat Economy","https://www.coingecko.com/tr/coins/sweat-economy","$0,010576879953","$391.576"
"COCOS BCX","https://www.coingecko.com/tr/coins/cocos-bcx","$0,522085","$1.223.747"
"Alchemy Pay","https://www.coingecko.com/tr/coins/alchemy-pay","$0,007533976755","$8.955.791"
"Ronin","https://www.coingecko.com/tr/coins/ronin","$0,252424","$190.083"
"sUSD","https://www.coingecko.com/tr/coins/susd","$1,01","$2.760.375"
"HyperCash","https://www.coingecko.com/tr/coins/hypercash","$0,079501064452","$40.211,62"
"MovieBloc","https://www.coingecko.com/tr/coins/moviebloc","$0,002417310750","$1.822.658"
"Marlin","https://www.coingecko.com/tr/coins/marlin","$0,007238241986","$2.053.022"
"Talken","https://www.coingecko.com/tr/coins/talken","$0,189499","$187.950"
"Electroneum","https://www.coingecko.com/tr/coins/electroneum","$0,002021172999","$33.569,93"
"Loom Network (OLD)","https://www.coingecko.com/tr/coins/loom-network-old","$0,043269881485","$434.238"
"Stargaze","https://www.coingecko.com/tr/coins/stargaze","$0,027260406839","$33.658,99"
"Kishu Inu","https://www.coingecko.com/tr/coins/kishu-inu","$0,000000000368","$479.945"
"BarnBridge","https://www.coingecko.com/tr/coins/barnbridge","$3,60","$15.415.589"
"Unidef","https://www.coingecko.com/tr/coins/unidef","$0,000205153028","$106.851"
"AVINOC","https://www.coingecko.com/tr/coins/avinoc","$0,210905","$686.479"
"Metadium","https://www.coingecko.com/tr/coins/metadium","$0,020737608819","$561.002"
"XCAD Network","https://www.coingecko.com/tr/coins/xcad-network","$1,02","$1.017.140"
"LeverFi","https://www.coingecko.com/tr/coins/leverfi","$0,002498726505","$16.731.398"
"Strike","https://www.coingecko.com/tr/coins/strike","$10,06","$4.169.651"
"Polkastarter","https://www.coingecko.com/tr/coins/polkastarter","$0,350316","$1.103.074"
"Poollotto.finance","https://www.coingecko.com/tr/coins/poollotto-finance","$2,95","$5.680,06"
"Doge Killer","https://www.coingecko.com/tr/coins/doge-killer","$320,85","$938.100"
"Snowbank","https://www.coingecko.com/tr/coins/snowbank","$215,26","$568,64"
"Dola","https://www.coingecko.com/tr/coins/dola","$0,998877","$296.862"
"Star Atlas","https://www.coingecko.com/tr/coins/star-atlas","$0,003197976590","$2.700.734"
"Efforce","https://www.coingecko.com/tr/coins/efforce","$0,055147515002","$262.975"
"Tellor","https://www.coingecko.com/tr/coins/tellor","$14,23","$19.272.745"
"Rootkit","https://www.coingecko.com/tr/coins/rootkit","$1.060,46",""
"RAI Finance","https://www.coingecko.com/tr/coins/rai-finance","$0,087042784911","$120.114"
"Refinable","https://www.coingecko.com/tr/coins/refinable","$0,005150805049","$26.521,30"
"ThunderCore","https://www.coingecko.com/tr/coins/thundercore","$0,003314364120","$1.540.053"
"H2O Dao","https://www.coingecko.com/tr/coins/h2o-dao","$0,149623","$37.056,09"
"Meter Governance","https://www.coingecko.com/tr/coins/meter-governance","$1,96","$582.364"
"DUSK Network","https://www.coingecko.com/tr/coins/dusk-network","$0,078981027219","$1.437.323"
"Cortex","https://www.coingecko.com/tr/coins/cortex","$0,159280","$6.742.394"
"Automata","https://www.coingecko.com/tr/coins/automata","$0,099178351910","$1.959.004"
"Bean","https://www.coingecko.com/tr/coins/bean","$0,965785","$4.485,91"
"Gods Unchained","https://www.coingecko.com/tr/coins/gods-unchained","$0,215019","$2.759.504"
"Aeternity","https://www.coingecko.com/tr/coins/aeternity","$0,078281310634","$206.776"
"BOX Token","https://www.coingecko.com/tr/coins/box-token","$0,005005577271",""
"PLEX","https://www.coingecko.com/tr/coins/plex","$0,101902","$4.694.877"
"Flamingo Finance","https://www.coingecko.com/tr/coins/flamingo-finance","$0,076594008726","$1.251.219"
"Aura BAL","https://www.coingecko.com/tr/coins/aura-bal","$11,85","$5.804,68"
"Yield Guild Games","https://www.coingecko.com/tr/coins/yield-guild-games","$0,170466","$5.011.126"
"Wanchain","https://www.coingecko.com/tr/coins/wanchain","$0,159833","$828.430"
"KILT Protocol","https://www.coingecko.com/tr/coins/kilt-protocol","$0,276449","$285.576"
"PlatON Network","https://www.coingecko.com/tr/coins/platon-network","$0,009891506553","$1.026.126"
"Rally","https://www.coingecko.com/tr/coins/rally","$0,008346221150","$543.855"
"Aurora","https://www.coingecko.com/tr/coins/aurora-near","$0,267611","$495.798"
"agEUR","https://www.coingecko.com/tr/coins/ageur","$1,06","$3.991.666"
"Step App","https://www.coingecko.com/tr/coins/step-app","$0,029455591351","$2.059.737"
"UFO Gaming","https://www.coingecko.com/tr/coins/ufo-gaming","$0,000001185229","$243.652"
"Swarm","https://www.coingecko.com/tr/coins/swarm","$0,475120","$159.955"
"League of Kingdoms","https://www.coingecko.com/tr/coins/league-of-kingdoms","$0,384023","$2.697.041"
"Aura Finance","https://www.coingecko.com/tr/coins/aura-finance","$1,83","$37.350,35"
"Vega Protocol","https://www.coingecko.com/tr/coins/vega-protocol","$0,800065","$276.476"
"Defigram","https://www.coingecko.com/tr/coins/defigram","$2,95","$9.104,48"
"Hxro","https://www.coingecko.com/tr/coins/hxro","$0,065125178163","$19.441,54"
"Gas","https://www.coingecko.com/tr/coins/gas","$2,09","$4.844.421"
"Keep3rV1","https://www.coingecko.com/tr/coins/keep3rv1","$63,50","$1.871.867"
"CargoX","https://www.coingecko.com/tr/coins/cargox","$0,171324","$7.944,82"
"THORSwap","https://www.coingecko.com/tr/coins/thorswap","$0,295503","$2.374.577"
"Forta","https://www.coingecko.com/tr/coins/forta","$0,146822","$396.640"
"INSTAR","https://www.coingecko.com/tr/coins/instar","$0,034618514033","$17,69"
"Ethernity Chain","https://www.coingecko.com/tr/coins/ethernity-chain","$1,73","$2.597.493"
"HUSD","https://www.coingecko.com/tr/coins/husd","$0,151953","$4.187,43"
"Cap","https://www.coingecko.com/tr/coins/cap","$282,45","$25.268,44"
"Travala.com","https://www.coingecko.com/tr/coins/travala","$0,539180","$855.150"
"Klever","https://www.coingecko.com/tr/coins/klever","$0,003155708589","$1.056.846"